gap_bin,n,median_perf,median_views_per_day,median_rev_per_day
1週以内,4,1.5254919789004828,215.78309688665087,52.90615280685614
8-14日,5,2.79678263453787,377.3199233716475,130.45557530647986
15-30日,7,1.9194145196809573,258.66446124763706,149.76056507869188
31-60日,2,6.637378952520773,916.4036033589816,505.72102285603387
61-120日,1,4.1778044692044425,585.1936936936937,393.631066066066
121-365日,5,4.924113776468957,757.937751004016,441.85580120481933
